Flashing_Instruction_TCU_for_SDK_Release_3.1.611_mcfg.pdf;1.00;"/Documents"
NADIF_API_ChangeNotificationLPM.pdf;1.0;"/Documents"
sfe_vef_fc_conn.pdf;2020-08-24;"/Documents"
TP_102G-00001_Glossary.pdf;14.00;"/Documents"
TP_F101U-00009_User_Guide_Common_Service.pdf;03.00;"/Documents"
TP_F100W-00015_Writers_Guide_Update_Agent.pdf;09.00;"/Documents"
TP_F101U-00023_User_Guide_Common_Library.pdf;03.00;"/Documents"
TP_F101U-00025_User_Guide_Application_Permissions_Manager.pdf;03.00;"/Documents"
TP_F101U-00026_User_Guide_Persistence.pdf;07.00;"/Documents"
TP_F101U-00028_User_Guide_Software_Loading_Manager.pdf;19.00;"/Documents"
TP_F101U-00030_User_Guide_Security.pdf;06.00;"/Documents"
TP_F103U-00034_User_Guide_5G_NAD_Module.pdf;15.00;"/Documents"
TP_F101U-00035_User_Guide_SDK.pdf;03.00;"/Documents"
TP_F101U-00036_User_Guide_NADIF_5G_NAD.pdf;18.00;"/Documents"
TP_F101U-00039_User_Guide_5G_NAD_Tier1_Power_Management_ConMod.pdf;02.00;"/Documents"
TP_F101U-00040_User_Guide_Update_Package_Generation.pdf;05.00;"/Documents"
TP_F100U-00044_User_Guide_Modem_Configuration_Manager_ConMod.pdf;03.00;"/Documents"
TP_F100U-00045_User_Guide_Device_Tree_Configuration.pdf;02.00;"/Documents"
TP_F103U-00046_User_Guide_Physical_Configuratiion_Audit.pdf;01.00;"/Documents"
TP_F100U-00048_User_Guide_gPTP_Feature_User_Guide.pdf;01.00;"/Documents"
TP_F101U-00053_User_Guide_NADIF_ConMod.pdf;05.00;"/Documents"
TP_F101U-00054_User_Guide_SecureBoot_5G_NAD_ConMod.pdf;02.00;"/Documents"
TP_F101U-00055_User_Guide_5G_NAD_Module_ConMod.pdf;03.00;"/Documents"
TP_F101U-00057_User_Guide_Update_Package_Generation_ConMod.pdf;01.00;"/Documents"
TP_F101U-00059_User_Guide_Flash_Scrub_and_Read_Patrol_ConMod.pdf;2.0;"/Documents"
TP_F101U-00061_User_Guide_Time_Manager_5G_NAD_ConMod;01.00;"/Documents"
TP_F101U-00062_User_Guide_Thermal_Management_5G_NAD_ConMod.pdf;02.00;"/Documents"
TP_LTE_5G_SA515M_NAD_Specification.pdf;3.1;"/Documents"
Update_Continental_Linux_user_and_group_range.pdf;1.0;"/Documents"
ConMod_How_to_sign_system_fs.pdf;2.0;"/Documents"
Collecting_NAND_dumps.pdf;1.0;"/Documents"
TP-NAD-RAM-Dumps-on-eMMC.pdf;1.0;"/Documents"
disable_rx_delay.pdf;1.0;"/Documents"
Fuse_OEM_ID_to_enable_boot_with_QTI_PROD_secured_Qualcomm_images.pdf;1.2;"/Documents"
Install_sec.elf_to_correct_NAND_MTD_partition.pdf;1.0;"/Documents"
ConMod_Telematics_Voice_Audio_Customisation_Guide.pdf;2.0;"/Documents/Qualcomm"
Default.cfg;1.0;"/Documents/Attachments"
default-qxdm5.dmc;1.0;"/Documents/Attachments"
audio.cfg;1.0;"/Documents/Attachments"
audio.dmc;1.0;"/Documents/Attachments"
CMCONTI-820_workaround_OEM_ID_fuse_sec_elf.zip;1.0;"/Documents/Attachments"
